time,PM1,PM2.5,PM10,BM680 Temp,BM680 Gas,BM680 Humidity,BM680 Pressure,BM680 Altitude
2 / 21 / 2025,1,1,1,33.3919140625,38724,100,766.5663078336963,2292.2296779401804
2 / 21 / 2025,0,0,0,24.13625,10703,36.79228763019156,1010.270393335688,24.8368486355491
2 / 21 / 2025,0,0,0,24.071796875,16223,36.70890277883191,1010.2808422847113,24.749646665908745
2 / 21 / 2025,0,0,0,24.0315625,21225,36.59841665857249,1010.283537273602,24.727155686090867
2 / 21 / 2025,0,0,0,24.0087109375,27159,36.46020197948769,1010.2970978361631,24.613986999867127
2 / 21 / 2025,0,0,0,23.9962109375,31640,36.32314244552846,1010.3012656000045,24.579205477670495
2 / 21 / 2025,0,0,0,23.9907421875,35427,36.19279943453655,1010.2944818143092,24.635818723780375
2 / 21 / 2025,0,0,0,23.989765625,39276,36.05122494233997,1010.2929425402867,24.648664587965456
2 / 21 / 2025,0,0,0,23.992109375,42329,35.91599306424268,1010.3003090886282,24.587187906646975
2 / 21 / 2025,0,0,0,23.9954296875,45331,35.79273909806006,1010.3092149545477,24.512865512291246
2 / 21 / 2025,0,0,0,23.99953125,50079,35.66378181607594,1010.3064991334478,24.53552988069051
2 / 21 / 2025,1,1,1,24.006171875,52558,35.588039309704115,1010.3096214729183,24.509472994801758
2 / 21 / 2025,1,1,1,24.0126171875,54814,35.61216464306305,1010.3014186056658,24.577928591361616
2 / 21 / 2025,1,1,1,24.0208203125,57272,35.654095579924366,1010.310675792997,24.500674383292424
2 / 21 / 2025,1,1,1,24.0274609375,60206,35.713524873987,1010.3064526607516,24.53591771016719
2 / 21 / 2025,0,0,0,24.0341015625,62735,35.731810882381346,1010.3040655088496,24.55583927377106
2 / 21 / 2025,0,0,0,24.04015625,65681,35.73240023703245,1010.3099360078129,24.506848107707842
2 / 21 / 2025,0,0,0,24.045234375,67699,35.72113409522147,1010.3087583676673,24.51667586780355
2 / 21 / 2025,0,0,0,24.0501171875,70179,35.65694225124105,1010.3127816890546,24.48310008284558
2 / 21 / 2025,0,0,0,24.0559765625,72428,35.61049773343658,1010.314671490827,24.46732917580978
2 / 21 / 2025,0,0,0,24.0602734375,74510,35.54629379337136,1010.3159348467826,24.456786141911312
2 / 21 / 2025,0,0,0,24.06671875,76984,35.49993803968705,1010.3095661479559,24.509934698109316
2 / 21 / 2025,0,0,0,24.071796875,78492,35.43585449342033,1010.3047151081488,24.550418151322845
2 / 21 / 2025,0,0,0,24.0774609375,80869,35.38358762715176,1010.309969281787,24.506570426552216
2 / 21 / 2025,0,0,0,24.0909375,76317,35.379022104570346,1010.3054992731797,24.543874036792765
2 / 21 / 2025,0,0,0,24.09953125,78985,35.77935543774673,1010.3025152343554,24.568776842028917
2 / 21 / 2025,0,0,0,24.105,81618,36.198141635046646,1010.3019516983134,24.57347974606992
2 / 21 / 2025,0,0,0,24.1091015625,83712,36.49377875328325,1010.2973968780971,24.61149138106602
2 / 21 / 2025,0,0,0,24.1118359375,86252,36.67738037172933,1010.2943602575438,24.636833163567978
2 / 21 / 2025,0,0,0,24.114375,87974,36.74865865174008,1010.2983617418453,24.603439229796578
2 / 21 / 2025,0,0,0,24.1173046875,90133,36.79039760469411,1010.2993058414028,24.595560369547275
2 / 21 / 2025,0,0,1,24.1200390625,91348,36.79659230989674,1010.2999421062059,24.59025050762226
2 / 21 / 2025,0,0,1,24.12296875,95788,36.79096262519019,1010.3008861467891,24.582372149510945
2 / 21 / 2025,0,0,1,24.1239453125,98244,36.72593310867663,1010.2950790890595,24.630834228721913
2 / 21 / 2025,0,0,1,24.1255078125,100142,36.655072255032934,1010.2957049798583,24.62561092393439
2 / 21 / 2025,0,0,1,24.12609375,101644,36.56640573102898,1010.3058110120098,24.541272475090402
2 / 21 / 2025,0,0,1,24.12765625,103555,36.46015808558759,1010.3064369159267,24.536049105755847
2 / 21 / 2025,0,0,2,24.1286328125,105350,36.371641800296224,1010.309812468235,24.507879082091698
2 / 21 / 2025,0,0,2,24.13,107208,36.25370531643436,1010.3119670997107,24.489898058654862
2 / 21 / 2025,0,0,2,24.1301953125,108328,36.14164055042787,1010.3214575941935,24.410697504271894
2 / 21 / 2025,0,1,2,24.1315625,110502,36.0238799262585,1010.3162660785093,24.454021928803108
2 / 21 / 2025,0,1,2,24.132734375,111976,35.90619023644388,1010.3107667300548,24.499915487116322
2 / 21 / 2025,0,1,2,24.1337109375,113490,35.80033896123115,1010.3049595553452,24.548378158801587
2 / 21 / 2025,0,1,2,24.1341015625,115196,35.68862400586308,1010.3055751571825,24.54324076010506
2 / 21 / 2025,0,1,2,24.1348828125,116413,35.57115350551553,1010.308642911944,24.51763938092543
2 / 21 / 2025,0,1,2,24.135859375,117814,35.489019533663374,1010.302835705626,24.566102398890866
2 / 21 / 2025,1,1,2,24.13625,119573,35.39513602524102,1010.3016147499002,24.57629169864789
2 / 21 / 2025,1,1,2,24.13625,120719,35.29540823087742,1010.2997781954552,24.591618402382338
2 / 21 / 2025,1,1,2,24.137421875,121888,35.213441492039564,1010.2979518699858,24.606859764028517
2 / 21 / 2025,1,1,2,24.1378125,122651,35.14901899580795,1010.2930577885315,24.647702794206133
2 / 21 / 2025,1,1,2,24.1391796875,125267,35.09057395522636,1010.2878661085765,24.691029575759583
2 / 21 / 2025,1,1,2,24.139375,126163,35.037893275895684,1010.2863373392955,24.703787841225335
2 / 21 / 2025,1,1,2,24.1391796875,126707,34.98519352677497,1010.2860295464359,24.706356512606497
2 / 21 / 2025,1,1,2,24.1387890625,126981,34.93249352394625,1010.278067717589,24.77280181513418
2 / 21 / 2025,1,1,2,24.139765625,128744,34.89163972344472,1010.2887894889133,24.68332356018882
2 / 21 / 2025,1,1,3,24.1407421875,129500,34.862491772161,1010.2958381570553,24.624499508203424
2 / 21 / 2025,1,1,3,24.1407421875,130944,34.85079686098441,1010.2958381570553,24.624499508203424
2 / 21 / 2025,1,1,3,24.1407421875,131726,34.821563553405426,1010.2884918897935,24.685807155283577
2 / 21 / 2025,1,1,3,24.1403515625,132419,34.80983457157571,1010.2897128694042,24.67561754903275
2 / 21 / 2025,1,1,3,24.139765625,133624,34.80393318717038,1010.2887894889133,24.68332356018882
2 / 21 / 2025,1,1,3,24.1403515625,134030,34.798143754484364,1010.2933860007602,24.644963729358604
2 / 21 / 2025,0,1,2,24.141328125,135786,34.78654691112366,1010.3004346804655,24.58613979756898
2 / 21 / 2025,0,1,2,24.1423046875,136522,34.77495092478879,1010.2927908054882,24.64993087707455
2 / 21 / 2025,0,1,2,24.1425,137373,34.75159413845397,1010.2857523124574,24.708670156767155
2 / 21 / 2025,0,1,1,24.1440625,138561,34.72837107774724,1010.2882146444975,24.688120889332676
2 / 21 / 2025,0,1,1,24.1450390625,138998,34.71677943101193,1010.2860804449276,24.70593174149947
2 / 21 / 2025,0,1,1,24.1454296875,138998,34.70513290674708,1010.2903691859324,24.670140306085415
2 / 21 / 2025,1,1,1,24.1454296875,139438,34.70513290674708,1010.2940423461931,24.639486261306274
2 / 21 / 2025,1,1,1,24.147578125,140438,34.746234354266775,1010.2937548955983,24.641885152405546
2 / 21 / 2025,1,1,1,24.1489453125,140662,34.76389531061735,1010.2940728489509,24.639231703529443
2 / 21 / 2025,1,1,1,24.1505078125,142482,34.79326675442766,1010.3020449655902,24.57270139809669
2 / 21 / 2025,0,0,0,24.151484375,142482,34.828434535089556,1010.2962375414805,24.62116648987966
2 / 21 / 2025,0,0,0,24.15265625,143526,34.85193406258492,1010.2944110866364,24.636408974462043
2 / 21 / 2025,0,0,0,24.1532421875,144942,34.86368523436918,1010.2824782416895,24.73599381148502
2 / 21 / 2025,1,1,1,24.1536328125,144823,34.86957049811234,1010.290440226695,24.669547440621574
2 / 21 / 2025,1,1,1,24.1540234375,146023,34.86375983086256,1010.2873825947898,24.695064713526463
2 / 21 / 2025,0,1,1,24.154609375,147120,34.840426133672516,1010.2883059568546,24.68735884745479
2 / 21 / 2025,0,1,1,24.156171875,148359,34.846422338584105,1010.2907682564474,24.666809892863
2 / 21 / 2025,0,1,1,24.1565625,148484,34.8464596224557,1010.2932204432706,24.646345374008952
2 / 21 / 2025,1,1,1,24.157734375,148860,34.84072436290727,1010.2969037875517,24.61560640973141
2 / 21 / 2025,1,1,1,24.1587109375,150641,34.82327754799891,1010.3057892049308,24.54145446222192
2 / 21 / 2025,1,1,1,24.1587109375,151940,34.81158534002695,1010.3076258234406,24.52612729768124
2 / 21 / 2025,1,1,1,24.1587109375,153128,34.79989403955147,1010.2966061136336,24.618090612897074
2 / 21 / 2025,1,1,1,24.1591015625,152862,34.77655138422354,1010.2953850711394,24.628280687641706
2 / 21 / 2025,1,1,1,24.1591015625,153261,34.747331615096854,1010.2972216902859,24.612953389981083
2 / 21 / 2025,1,1,1,24.1606640625,153796,34.75332392691103,1010.2960107502718,24.623059150571642
2 / 21 / 2025,1,1,1,24.162421875,154605,34.724275892717124,1010.2987808370517,24.599941724445937
2 / 21 / 2025,1,1,1,24.163984375,155560,34.73026726354745,1010.2902233396458,24.671357455657116
2 / 21 / 2025,1,1,1,24.164375,155423,34.72446178552603,1010.2926755420408,24.650892797910064
2 / 21 / 2025,1,1,1,24.1653515625,156946,34.712870064176734,1010.3015610142564,24.576740141490625
2 / 21 / 2025,1,1,1,24.1657421875,157086,34.695381915649214,1010.3003399504289,24.586930353804338
2 / 21 / 2025,1,1,1,24.1665234375,158356,34.67793291678279,1010.2997344567459,24.591983417828565
2 / 21 / 2025,1,1,1,24.1669140625,158072,34.677970055458594,1010.3095332377194,24.510209343851706
2 / 21 / 2025,1,1,1,24.167890625,159358,34.6547015981312,1010.3000523158988,24.589330767800075
2 / 21 / 2025,1,1,1,24.1690625,160082,34.64897318000884,1010.3037356781504,24.558591821860485
2 / 21 / 2025,1,1,1,24.1688671875,160082,34.643115078125675,1010.3034278917856,24.56116040322032
2 / 21 / 2025,1,1,1,24.16984375,160959,34.63736851918446,1010.2976202242497,24.60962747277544
2 / 21 / 2025,1,1,1,24.16984375,161697,34.63152941508491,1010.2957835745758,24.62495502030172
2 / 21 / 2025,1,1,1,24.1704296875,161697,34.61406908908867,1010.2911969718076,24.663232081987164
2 / 21 / 2025,1,1,1,24.17140625,163801,34.59664782731043,1010.2890625740426,24.681044545610025
2 / 21 / 2025,1,1,1,24.1716015625,163043,34.59666636154263,1010.2893703549428,24.6784759802799
2 / 21 / 2025,1,1,1,24.1723828125,163649,34.585065626817574,1010.2906014787144,24.66820172386625
2 / 21 / 2025,1,1,1,24.17296875,165028,34.57928411131911,1010.286014847156,24.706479184793398
2 / 21 / 2025,0,1,1,24.1735546875,163649,34.591014141027195,1010.2832648658274,24.729429057915738
2 / 21 / 2025,0,1,1,24.17453125,165028,34.59110680174591,1010.2994970594659,24.59396458476175
2 / 21 / 2025,0,1,1,24.1751171875,165338,34.57948790828594,1010.2967470786845,24.616914205336148
2 / 21 / 2025,1,1,1,24.1751171875,165648,34.591162398624625,1010.2930737495445,24.64756959302816
2 / 21 / 2025,1,1,1,24.174921875,166746,34.585306510263116,1010.2982759610338,24.604155102717826
2 / 21 / 2025,1,1,1,24.174921875,166903,34.579469381102555,1010.2964392969072,24.61948276280153
2 / 21 / 2025,0,1,1,24.174921875,168017,34.57363247881273,1010.3001126252436,24.588827464500877
2 / 21 / 2025,0,1,1,24.17453125,168984,34.5619223160314,1010.2976603963937,24.6092922210445
2 / 21 / 2025,0,1,1,24.175703125,168984,34.5386898662561,1010.2921604254149,24.65519165892024
2 / 21 / 2025,1,1,1,24.1751171875,168984,34.53279902175946,1010.2967470786845,24.616914205336148
2 / 21 / 2025,1,1,1,24.1755078125,169798,34.51533143053642,1010.2955259765405,24.627104776731162
2 / 21 / 2025,1,1,1,24.177265625,171283,34.50966348513995,1010.2982960084933,24.603987799176547
2 / 21 / 2025,0,1,1,24.178046875,170785,34.50390325132153,1010.2958537882166,24.624369060065735
2 / 21 / 2025,0,1,1,24.177265625,171616,34.49799529055295,1010.2872759850414,24.695954419539852
2 / 21 / 2025,0,1,1,24.1766796875,172287,34.497939815983166,1010.2955359952773,24.627021166442386
2 / 21 / 2025,1,1,1,24.175703125,173645,34.48034683053621,1010.299507090519,24.593880871955655
2 / 21 / 2025,1,1,1,24.17453125,174332,34.456905129720646,1010.3031703858613,24.563309377781735
2 / 21 / 2025,1,1,1,24.174921875,172964,34.43944634247312,1010.3074592829176,24.527517130285837
2 / 21 / 2025,1,1,1,24.174921875,174505,34.41612187413006,1010.3148059419271,24.466207145919135
2 / 21 / 2025,1,1,1,24.174140625,174851,34.4043872017073,1010.3117381296394,24.491808878717066
2 / 21 / 2025,1,1,1,24.17296875,174851,34.36929948414981,1010.3043814319672,24.55320278980802
2 / 21 / 2025,1,1,1,24.17140625,176958,34.35166662717796,1010.301919152439,24.573751352762
2 / 21 / 2025,1,1,1,24.16984375,176250,34.3282086312538,1010.301293523848,24.57897244331821
2 / 21 / 2025,1,1,1,24.167890625,178030,34.28723986336359,1010.3018889602195,24.574003317387174
2 / 21 / 2025,1,1,1,24.1665234375,178210,34.25798611317867,1010.3015710971692,24.576655996039797
2 / 21 / 2025,1,1,1,24.1659375,177671,34.24045872427804,1010.3061576537407,24.538379638121217
2 / 21 / 2025,1,1,1,24.1649609375,177314,34.24036684406322,1010.2972721680893,24.612532133490532
2 / 21 / 2025,1,1,2,24.163984375,178210,34.22280484674623,1010.2975698712656,24.610047687482357
2 / 21 / 2025,1,1,2,24.1637890625,179298,34.21696356237196,1010.2990987173222,24.597288896151497
2 / 21 / 2025,1,1,2,24.1628125,178210,34.20522660937124,1010.2938865229758,24.640786668808385
2 / 21 / 2025,1,1,1,24.1614453125,179298,34.21092052134587,1010.2972418997805,24.612784734052816
2 / 21 / 2025,1,1,1,24.16125,179664,34.205079729833614,1010.3024439885842,24.569371412621997
2 / 21 / 2025,1,1,1,24.1606640625,179481,34.19920245609375,1010.3070304931994,24.531095515076547
2 / 21 / 2025,0,0,0,24.1606640625,179481,34.20502465061679,1010.3015206213599,24.577077234433556
2 / 21 / 2025,0,0,0,24.1596875,179664,34.2165778965723,1010.3018182973484,24.574593023777187
2 / 21 / 2025,0,0,0,24.1606640625,179116,34.239962582103026,1010.2996839975805,24.592404517949447
2 / 21 / 2025,0,1,1,24.1598828125,179298,34.263185532444865,1010.2966162223747,24.618006251559446
2 / 21 / 2025,1,2,2,24.1602734375,179481,34.29234799675413,1010.2972317980955,24.61286903645898
2 / 21 / 2025,1,2,2,24.1606640625,187435,34.309862947436486,1010.2996839975805,24.592404517949447
2 / 21 / 2025,1,2,2,24.160859375,188148,34.32153459576467,1010.3036650348492,24.55918136405546
2 / 21 / 2025,1,2,2,24.1602734375,188046,34.33313349657049,1010.3045782888308,24.55155995385094
2 / 21 / 2025,1,2,2,24.1598828125,187334,34.350579551696164,1010.3002894653007,24.587351670387854
2 / 21 / 2025,1,2,2,24.160859375,188352,34.35649976754486,1010.3055016593644,24.54385412330351
2 / 21 / 2025,1,2,2,24.1606640625,190213,34.33899774179156,1010.2996839975805,24.592404517949447
2 / 21 / 2025,1,2,2,24.160859375,189796,34.35649976754486,1010.2981551618045,24.605163217497044
2 / 21 / 2025,1,2,2,24.1598828125,190318,34.35640763463725,1010.2892697375243,24.679315676283966
2 / 21 / 2025,1,2,2,24.1606640625,190004,34.35065324764958,1010.2831543873203,24.730351053497863
2 / 21 / 2025,1,2,2,24.1606640625,191686,34.34482538128371,1010.2794811415138,24.76100607969206
2 / 21 / 2025,1,2,2,24.16125,190947,34.33905299869781,1010.2748946150625,24.799283004590954
2 / 21 / 2025,1,2,2,24.16125,192218,34.327398384885946,1010.2748946150625,24.799283004590954
2 / 21 / 2025,1,2,2,24.1618359375,192431,34.30997338433711,1010.2739813309095,24.806904847907756
2 / 21 / 2025,1,2,2,24.1622265625,193074,34.29835782610771,1010.2782701452869,24.771112453093046
2 / 21 / 2025,1,2,2,24.163203125,192859,34.29262397451886,1010.2834823118811,24.72761436762792
2 / 21 / 2025,1,2,2,24.162421875,192967,34.26924925765498,1010.2951075798404,24.63059646189861
2 / 21 / 2025,1,2,2,24.1628125,193182,34.26928603442204,1010.3012330419483,24.5794771861761
2 / 21 / 2025,1,2,2,24.1628125,192324,34.28093615196555,1010.2938865229758,24.640786668808385
2 / 21 / 2025,1,2,2,24.1633984375,193614,34.280991332845204,1010.3003197747511,24.58709872710373
2 / 21 / 2025,1,2,2,24.164375,194047,34.28690872140166,1010.3018587128787,24.574255742026196
2 / 21 / 2025,1,2,2,24.1637890625,192645,34.315983995124995,1010.2972620847773,24.61261628256859
2 / 21 / 2025,1,2,2,24.163984375,192431,34.345138551935186,1010.2938966052888,24.640702527841157
2 / 21 / 2025,1,2,2,24.164375,192431,34.38014629105336,1010.2871656405396,24.69687529381975
2 / 21 / 2025,1,2,2,24.166328125,191474,34.4444654722583,1010.2810602766482,24.747827416435175
2 / 21 / 2025,1,2,2,24.1675,191474,34.50290461327312,1010.282906959635,24.73241595526631
2 / 21 / 2025,1,2,2,24.1680859375,191580,34.54380348292331,1010.2856669454978,24.70938258313791
2 / 21 / 2025,1,2,2,24.1684765625,192005,34.58469504920602,1010.300975673081,24.581625020728218
2 / 21 / 2025,1,2,2,24.169453125,191580,34.60813818935646,1010.2914947105909,24.66074732672908
2 / 21 / 2025,1,1,1,24.1704296875,192538,34.6315850633136,1010.2930336229375,24.647904465966715
2 / 21 / 2025,1,1,1,24.1716015625,192859,34.6550542310317,1010.2985536276523,24.601837871233617
2 / 21 / 2025,1,1,1,24.17140625,192752,34.655035671069214,1010.2964091897683,24.619734018506904
2 / 21 / 2025,1,1,1,24.171015625,193290,34.66083857827972,1010.29579362347,24.624871158355816
2 / 21 / 2025,1,1,1,24.1716015625,193614,34.6550542310317,1010.309573557658,24.509872861932653
2 / 21 / 2025,1,1,1,24.1719921875,193398,34.65509135106872,1010.310189132021,24.504735711512105
2 / 21 / 2025,1,2,2,24.17296875,194920,34.63766535478698,1010.3172380463008,24.445910614302868
2 / 21 / 2025,1,2,2,24.1723828125,196023,34.63760969738351,1010.3089680489683,24.514926013802853
2 / 21 / 2025,1,2,2,24.1719921875,194920,34.60837919933804,1010.3046791632303,24.55071812356233
2 / 21 / 2025,1,2,2,24.1723828125,197250,34.59090294939535,1010.299784762798,24.591563595517382
2 / 21 / 2025,1,2,2,24.1723828125,196914,34.57922853111106,1010.2961114489143,24.62221878126061
2 / 21 / 2025,1,2,2,24.172578125,196914,34.56173712419762,1010.301929204263,24.57366746677891
2 / 21 / 2025,1,2,2,24.172578125,198039,34.53255843893534,1010.301929204263,24.57366746677891
2 / 21 / 2025,1,2,2,24.1719921875,198835,34.514998455177135,1010.3065158194104,24.53539063101053
2 / 21 / 2025,0,1,1,24.171015625,199407,34.4682374746905,1010.2976302764727,24.60954358317496
2 / 21 / 2025,0,1,1,24.1704296875,199752,34.45068512529919,1010.3058901831821,24.54061176607294
2 / 21 / 2025,0,1,1,24.1704296875,199752,34.42152813439337,1010.3058901831821,24.54061176607294
2 / 21 / 2025,0,2,2,24.170625,200445,34.39822507189222,1010.3043613174009,24.553370652563295
2 / 21 / 2025,0,2,2,24.170625,199292,34.38656567345586,1010.2933414054579,24.645335895291712
2 / 21 / 2025,0,2,2,24.1690625,200561,34.36893080909896,1010.2890424986233,24.681212083730415
2 / 21 / 2025,0,2,2,24.1684765625,201377,34.36304685914804,1010.2881191532297,24.688917806120354
2 / 21 / 2025,0,2,2,24.1669140625,200677,34.351242836637596,1010.2911668225298,24.663483690415106
2 / 21 / 2025,0,2,2,24.166328125,203267,34.31622331794356,1010.2902434725828,24.67118943768875
2 / 21 / 2025,0,2,2,24.1657421875,202910,34.298689053443496,1010.2929933983356,24.648240156725723
2 / 21 / 2025,0,2,2,24.1657421875,202910,34.28703749740576,1010.2985033122806,24.602257771734557
2 / 21 / 2025,0,2,2,24.1649609375,203147,34.286963910895544,1010.2935988965925,24.643187027229203
2 / 21 / 2025,0,2,2,24.1649609375,200329,34.281138483486636,1010.3009454399202,24.581877327213945
2 / 21 / 2025,0,2,2,24.163984375,201728,34.281046514058076,1010.2994065043791,24.594720300100626
2 / 21 / 2025,0,2,2,24.1633984375,202435,34.269341199850224,1010.3003197747511,24.58709872710373
2 / 21 / 2025,0,2,2,24.1637890625,201260,34.28685353224104,1010.3027719826624,24.56663418891756
2 / 21 / 2025,0,2,2,24.1637890625,202791,34.28102812028344,1010.3027719826624,24.56663418891756
2 / 21 / 2025,0,2,2,24.1637890625,203028,34.269377976987414,1010.3064452483363,24.535979569135872
2 / 21 / 2025,0,2,2,24.163203125,203505,34.25184932111931,1010.3128684059698,24.482376406205773
2 / 21 / 2025,0,2,2,24.1618359375,204105,34.240072833589515,1010.3125504931729,24.485029476663538
2 / 21 / 2025,0,2,2,24.1606640625,203864,34.21084707201355,1010.3180502391313,24.43913266669593
2 / 21 / 2025,0,2,2,24.1606640625,203984,34.1875587476688,1010.3125403657898,24.485113992495698
2 / 21 / 2025,0,1,1,24.1602734375,205071,34.181700535079756,1010.3082515346993,24.520905543735125
2 / 21 / 2025,0,0,0,24.1591015625,204587,34.17576917348325,1010.3045681677063,24.55164441799134
2 / 21 / 2025,0,0,0,24.1591015625,204950,34.16412732126227,1010.30640478727,24.536317229659556
2 / 21 / 2025,0,0,0,24.157734375,204225,34.15817836489657,1010.3024136337995,24.569624733802765
2 / 21 / 2025,0,1,1,24.15734375,206046,34.14650124331489,1010.2999614384753,24.59008917282324
2 / 21 / 2025,0,1,1,24.15734375,206414,34.13486170620321,1010.2907783679173,24.666725508359313
2 / 21 / 2025,0,1,1,24.158125,206169,34.12911558053108,1010.29935598164,24.595141930875354
2 / 21 / 2025,0,1,1,24.158125,206046,34.12329636885669,1010.2975193651702,24.61046917997929
2 / 21 / 2025,0,1,1,24.1583203125,205924,34.134953347391075,1010.3051736226599,24.546591696752934
2 / 21 / 2025,0,1,1,24.157734375,205802,34.11162199022791,1010.3097600966315,24.50831613867121
2 / 21 / 2025,0,1,1,24.157734375,206414,34.12907892917124,1010.3097600966315,24.50831613867121
2 / 21 / 2025,0,1,1,24.1583203125,206784,34.12913390626633,1010.3143567103564,24.469956102338806
2 / 21 / 2025,0,1,1,24.158125,206169,34.12911558053108,1010.308539065241,24.51850601332251
2 / 21 / 2025,0,1,1,24.157734375,207031,34.12907892917124,1010.3060868650485,24.538970392510866
2 / 21 / 2025,0,1,1,24.15734375,205192,34.12904227795897,1010.3036346672826,24.559434791661307
2 / 21 / 2025,1,1,1,24.156171875,206907,34.1231131392944,1010.2962780885458,24.620828108914672
2 / 21 / 2025,1,1,1,24.1565625,206169,34.134788393917034,1010.2950570551073,24.631018110765208
2 / 21 / 2025,1,1,1,24.15734375,206292,34.15814168792417,1010.29445159589,24.636070908554473
2 / 21 / 2025,1,1,1,24.1587109375,205679,34.18155374180864,1010.292932877699,24.64874522621668
2 / 21 / 2025,1,1,1,24.1583203125,205802,34.198982173460465,1010.2923173033898,24.653882447232927
2 / 21 / 2025,1,1,1,24.1587109375,205802,34.21648607378475,1010.3002793499021,24.587436087034632
2 / 21 / 2025,1,1,1,24.158125,205924,34.25137143364293,1010.3011925981933,24.579814703638174
2 / 21 / 2025,1,1,1,24.1583203125,205679,34.268863110539456,1010.297827154005,24.607900565841472
2 / 21 / 2025,1,1,1,24.1587109375,206046,34.28637524014185,1010.292932877699,24.64874522621668
2 / 21 / 2025,1,1,1,24.158125,205192,34.309623672060695,1010.2901729001252,24.671778395037933
2 / 21 / 2025,1,1,1,24.157734375,205679,34.3212400208953,1010.2950671723027,24.6309336787679
2 / 21 / 2025,1,1,1,24.1591015625,205192,34.333022999652286,1010.2953850711394,24.628280687641706
2 / 21 / 2025,1,1,1,24.1598828125,205924,34.34475169562895,1010.2911063586117,24.663988287302708
2 / 21 / 2025,1,1,1,24.1598828125,205071,34.35640763463725,1010.2929429797827,24.648660920188203
2 / 21 / 2025,1,1,1,24.160859375,204707,34.362328090232744,1010.2963185376233,24.620490545706154
2 / 21 / 2025,1,1,1,24.1614453125,206414,34.36821193543146,1010.293568648256,24.643439461854193
2 / 21 / 2025,1,1,1,24.1622265625,205679,34.37411445792404,1010.3003096777254,24.58718299041748
2 / 21 / 2025,1,1,1,24.162421875,205924,34.37996191650512,1010.2932709513598,24.64592386342507
2 / 21 / 2025,1,1,1,24.162421875,207403,34.38579116728334,1010.2877610664187,24.69190619919021
2 / 21 / 2025,1,1,1,24.1622265625,207776,34.36828566346707,1010.2856166547646,24.709802282359412
2 / 21 / 2025,1,1,1,24.1622265625,209155,34.36828566346707,1010.291126537749,24.663819883892852
2 / 21 / 2025,1,2,2,24.1622265625,209915,34.3508006413365,1010.2984730495633,24.602510325383975
2 / 21 / 2025,1,2,2,24.1628125,209535,34.321718709875725,1010.2975597822951,24.61013188376366
2 / 21 / 2025,1,2,2,24.1628125,210043,34.31589194955448,1010.2902132639903,24.671441541310276
2 / 21 / 2025,1,2,2,24.1637890625,209535,34.28685353224104,1010.2990987173222,24.597288896151497
2 / 21 / 2025,1,2,2,24.1637890625,209661,34.28685353224104,1010.2917521876434,24.65859857300562
2 / 21 / 2025,1,2,2,24.163984375,210170,34.286871928590884,1010.2938966052888,24.640702527841157
2 / 21 / 2025,1,2,2,24.164375,210043,34.28690872140166,1010.2926755420408,24.650892797910064
2 / 21 / 2025,1,2,2,24.1649609375,210937,34.26366356249683,1010.2935988965925,24.643187027229203
2 / 21 / 2025,1,2,2,24.1657421875,211066,34.27538684885866,1010.2948300362339,24.63291267319525
2 / 21 / 2025,1,1,1,24.1669140625,211066,34.24637447047211,1010.2874935404933,24.69413882210912
2 / 21 / 2025,1,1,1,24.1680859375,211066,34.240660864005406,1010.2875035897196,24.6940549568362
2 / 21 / 2025,1,1,1,24.1684765625,210681,34.22905052646155,1010.2917924441986,24.65826261525372
2 / 21 / 2025,1,2,2,24.1684765625,210937,34.21740434324752,1010.2973023812774,24.6122799929421
2 / 21 / 2025,1,2,2,24.1700390625,211323,34.20590595799824,1010.2997646587511,24.591731371105872
2 / 21 / 2025,1,2,2,24.1704296875,212490,34.20594268098688,1010.2967069254472,24.617249299530993
2 / 21 / 2025,1,2,2,24.170625,211711,34.18849474548201,1010.2933414054579,24.645335895291712
2 / 21 / 2025,1,2,2,24.171015625,210937,34.171067182569836,1010.2921203177149,24.655526374317784
2 / 21 / 2025,1,2,2,24.17140625,211711,34.16528290005037,1010.2964091897683,24.619734018506904
2 / 21 / 2025,1,1,1,24.17140625,213143,34.153641630735166,1010.3000824981322,24.58907888614355
2 / 21 / 2025,1,1,1,24.1719921875,212490,34.14787634441436,1010.2918225723067,24.65801118362016
2 / 21 / 2025,1,1,1,24.1716015625,212490,34.14201960230244,1010.2912070093178,24.663148314738123
2 / 21 / 2025,1,1,1,24.17140625,212620,34.13618142829844,1010.2982458439085,24.604406441391852
2 / 21 / 2025,1,1,1,24.17140625,212229,34.13618142829844,1010.2927358817386,24.65038923832742
2 / 21 / 2025,1,1,1,24.1723828125,209155,34.136273082768135,1010.2924381353644,24.652874054465926
2 / 21 / 2025,1,2,2,24.1739453125,205802,34.20627319453628,1010.2912270659638,24.66298093358292
2 / 21 / 2025,1,2,2,24.174921875,204105,34.37531278905346,1010.2909293050288,24.665465874243296
2 / 21 / 2025,1,2,2,24.17765625,203745,34.55054634217031,1010.2989115713376,24.59885069844958
2 / 21 / 2025,1,2,2,24.1786328125,202317,34.696608070387505,1010.3041238285286,24.555352576515258
2 / 21 / 2025,1,2,2,24.179609375,202672,34.80773260033728,1010.2983160314534,24.603820700089152
2 / 21 / 2025,1,2,2,24.18078125,202791,34.91310805942406,1010.3038360765581,24.557753963313218
2 / 21 / 2025,0,0,0,24.1815625,203267,34.96584226059391,1010.3050672035475,24.547479799160232
2 / 21 / 2025,0,0,0,24.1821484375,203745,35.012722289715754,1010.2986438094637,24.60108527049682
2 / 21 / 2025,0,0,0,24.183125,204466,35.03623334804023,1010.2965093325292,24.618898288505573
2 / 21 / 2025,0,0,0,24.181171875,205436,35.041900963731614,1010.2952682300629,24.62925577240942
2 / 21 / 2025,1,1,1,24.1817578125,208400,35.02439309402419,1010.2961915668513,24.62155016598266
2 / 21 / 2025,1,1,1,24.182734375,208400,34.98936463355506,1010.3014038346723,24.578051860516254
2 / 21 / 2025,1,1,1,24.182734375,210425,34.94839919530987,1010.299567148215,24.593379668533967
2 / 21 / 2025,1,1,1,24.18234375,210297,34.87816127318337,1010.3007882743503,24.583188929926962
2 / 21 / 2025,1,1,1,24.18234375,211970,34.83137906220529,1010.2971149037938,24.61384456397059
2 / 21 / 2025,1,2,2,24.183125,212359,34.743775954367514,1010.294672645185,24.634226164052816
2 / 21 / 2025,1,2,2,24.1837109375,212881,34.691249590272854,1010.2937592901076,24.641848478447272
2 / 21 / 2025,1,2,2,24.184296875,213669,34.61538564713344,1010.2983560038749,24.603487115305533
2 / 21 / 2025,1,2,2,24.1848828125,212359,34.574577281444135,1010.293769262641,24.64176525362951
2 / 21 / 2025,1,2,2,24.1848828125,213800,34.52788918037163,1010.2900958782998,24.672421175164576
2 / 21 / 2025,1,2,2,24.1846875,213669,34.48703051467567,1010.2879514110148,24.690317689108298
2 / 21 / 2025,1,2,2,24.1848828125,213932,34.46371674917344,1010.2900958782998,24.672421175164576
2 / 21 / 2025,1,2,2,24.1848828125,213537,34.42872517518594,1010.3011160323249,24.580453672960402
2 / 21 / 2025,1,2,2,24.184296875,213537,34.41700776134755,1010.2891725509264,24.680126740663155
2 / 21 / 2025,1,2,2,24.1848828125,212359,34.39957176908491,1010.2864224942923,24.703077184161724
2 / 21 / 2025,1,2,2,24.185859375,213405,34.38800421574725,1010.2879613679028,24.690234594467352
2 / 21 / 2025,1,2,2,24.18625,212881,34.376382201479366,1010.2885769174668,24.68509756202292
2 / 21 / 2025,1,2,2,24.18625,213143,34.370553090313734,1010.2885769174668,24.68509756202292
2 / 21 / 2025,1,2,2,24.1856640625,212750,34.36466890397116,1010.2894902873834,24.677475092129924
2 / 21 / 2025,1,2,2,24.1852734375,213012,34.37629000583735,1010.2833646577369,24.72859624713807
2 / 21 / 2025,0,1,1,24.1852734375,214065,34.358803391573765,1010.2907114299675,24.667284133949824
2 / 21 / 2025,0,1,1,24.18625,212620,34.370553090313734,1010.30143379082,24.577801865891995
2 / 21 / 2025,0,1,1,24.1868359375,213012,34.370608400418575,1010.2968470330379,24.616080047900258
2 / 21 / 2025,1,2,2,24.1878125,212099,34.370700584668455,1010.3038960216077,24.557253701702322
2 / 21 / 2025,1,2,2,24.188203125,212750,34.37656659554579,1010.30634828169,24.53678878678593
